{
    "Node1": 0.7177500220862237,
    "Node2": -1,
    "Node3": -1,
    "newNode": 0.858635707086294
}